id;date_debut;date_fin;nom_entreprise;poste_occupe;mission
1;2024-06-05;2024-06-04;sincère répondre deçà;à la merci;../fake-data/blob/hipster.txt
2;2024-06-05;2024-06-05;coac coac super auprès de;de manière à ce que adorable rejeter;../fake-data/blob/hipster.txt
3;2024-06-05;2024-06-05;rédaction diététiste depuis;vouh construire;../fake-data/blob/hipster.txt
4;2024-06-05;2024-06-05;renouveler;groin groin;../fake-data/blob/hipster.txt
5;2024-06-05;2024-06-05;tant avant que triste;incognito;../fake-data/blob/hipster.txt
6;2024-06-05;2024-06-05;membre à vie près dehors;de sorte que personnel;../fake-data/blob/hipster.txt
7;2024-06-05;2024-06-05;patientèle sans que miaou;à partir de près;../fake-data/blob/hipster.txt
8;2024-06-05;2024-06-04;conseil municipal;électorat;../fake-data/blob/hipster.txt
9;2024-06-05;2024-06-04;placide quasiment;actionnaire;../fake-data/blob/hipster.txt
10;2024-06-05;2024-06-05;autour de sitôt que;méconnaître;../fake-data/blob/hipster.txt
