id;login;password;first_name;last_name;email;image_url;activated;lang_key
1;"cch=r@wJnx\9g6Ai\-yI\WawdJPP\^R0ij";où absolument;Laurent;Bourgeois;Aleth_Robin25@gmail.com;à l'égard de du fait que;false;adversaire
2;"Ggf~q@Y\pU\uDFb\V2ZQyAS\ANSC";jadis;Germain;Leclercq;Fulbert.Richard@gmail.com;auparavant devant cocorico;true;snif touch
3;"2~pi@Zzx\'0sm\QH\VNrXoo";passablement membre à vie cocorico;Épiphane;Nicolas;Fleur87@gmail.com;que;false;rectangula
4;"yx";administration;Achille;Pons;Robert3@yahoo.fr;après par rapport à au moyen de;true;avant de j
5;"DQ";périr au cas où;Viviane;Roche;Abelard.Moreau@gmail.com;ah;true;du fait qu
6;"Fd~Xg@Mp3Cw0\tP1yK";peu;Alliaume;Deschamps;Bernard76@hotmail.fr;ferme;false;laver port
7;"b";vu que concernant;Adeline;Joly;Arthurine39@hotmail.fr;innombrable;false;chut aigre
8;"P3t@";visiter concernant parlementaire;Arsènie;Robert;Armide5@yahoo.fr;gens;false;partenaire
9;"Njmi1G";de peur de chef;Élise;Guerin;Barbe_Chevalier33@yahoo.fr;large;true;exploiter 
10;"3";écouter;Amande;Cousin;Martin_Jean@hotmail.fr;au point que a hi;false;dans la me
